"","Temp","Yield"
"1",10,59.6625940291528
"2",10.5,52.7382713599149
"3",11,60.6525958679467
"4",11.5,77.2049707403481
"5",12,66.8204816942643
"6",15,72.674007111568
"7",17,81.3076439223997
"8",19,78.951008937804
"9",20,89.1069390246123
"10",21,84.0273540719524
"11",23,95.5881339776888
"12",25,91.1213991358262
"13",27,102.086613422172
"14",30,95.796577616239
